Id,Sentiment,Text
1,negative,Jelek filmnya... apalagi si ernest gak mutu bgt actingnya... film sampah
2,negative,Film king Arthur ini film paling jelek dari seluruh cerita King Arthur 
3,negative,@beexkuanlin Sepanjang film gwa berkata kasar terus pada bapaknya
4,negative,Ane ga suka fast and furious..menurutku kok jelek ya tu film
5,negative,"@baekhyun36 kan gua ga tau film nya, lu bilang perang perangan/? Perang""an disebut ama rp yaoi jadi ambigu :v"
6,negative,tolong editingnya yg bagus ya. Saya sering kecewa dgn film indonesia. Ditunggu filmnya!!
7,negative,"Kecewa dgn salah satu aktornya yg ternyata pendukung penista agama. Ah, saya harus bersabar utk tak menonton film ini."
8,negative,Kecewa parah sama film the guys. Dear @radityadika sorry to say this.
9,negative,Banyak yg kecewa abis nonton film ini :(
10,negative,#TheMummy 2017 adalah film yang paling memgecewakan saya selama hidup. Yah padahal sy udh berekspektasi tinggi dan suka bgt mesir kuno.
11,negative,"film jelek, jelas. Ga ada isinya. "
12,negative,awal bulan ini nonton dua film Indonesia di bioskop: kartini dan critical eleven. penggambaran kartini dan ale juga anya terlalu lemah. :( 
13,negative,"Nonton film #Kartini miris , ternyata di jaman itu dan jaman sekarang bangsa kita tetap bodoh, Serakah, Gila kawin .. IRONIS !! #CelotehPagi"
14,negative,"Btw Danur jelek banget, gausah ditonton Hans @hansdavidian gue kebayang lo bakal #meantweets soal film ini ntar! Lol"
15,negative,"Film Kartini trlalu singkat, sehingga penonton yg mungkin blm baca biografi jelas ttg Kartini agak bingung. Saya sndiri emg blm baca bukuny."
16,negative,"Habis nonton the guys, entah kenapa aku sedikit kecewa nonton film ini.. Dibanding film sebelumnya kok ini anjlok ya"
17,negative,Yang udah nonton film Alien kok pada kecewa ya. Jadi ragu buat nonton.
18,negative,satu-satunya kerugian nonton film action itu.. aktornya jadi keliatan jelek :p
19,negative,Ini film yang bilang bagus...Kelompoknya doang. Yang kasih penghargaan juga dia2 aj. waktu nonton ternyata jelek.
20,negative,"baik, kita sudahi saja. hidup terlalu singkat untuk dihabisken dengan menonton film jelek."
21,negative,"Film King Arthur itu tidak jelek namun juga tidak bagus. Biasa saja, cenderung mudah dilupakan."
22,negative,"Jelek ah jelek Pantas film Dimension tidak pernah dirilis, akting kamu begini ternyata /ga "
23,negative,duh ini film ribet banget ...
24,negative,"Dgn durasi film yg tll panjang, alur yg datar, akhirnya stlh #CriticalEleven selesai sy keluar dgn pertanyaan: ini masalahnya apa sih?"
25,negative,"Banyak adegan penting yang di potong, jadinya merusak film itu sendiri "
26,negative,"baru selesai nonton film GOAL 3, ternyata penurunan kualitas film nya drastis parah."
27,negative,Baru keingat film yang cukup beda dengan buku sampai bikin kecewa teman yang ngajak nonton: Black Bulter
28,negative,ogah nonton lagi saya. Kecewa ama itu film 
29,negative,"Kecewa berat sama film Power Rangers, dibawah ekspektasi banget "
30,negative,Bahas soal film yang diangkat dari novel rasanya kalo di bikin film kurang puas aja gitu
31,negative,"Sebenernya nggak ada yang salah sama akting Prilly di film Danur menurut aku oke oke aja. Yang kurang greget itu ceritanya sih, kurang kuat."
32,negative,"Tadi abis nonton film balap2 mobil itu,tertidur sekitar 15 menit. Entah lelah entah bosan."
33,negative,The mummy film yg terasa mulai aneh sejak pertengahan filmnya #mummy
34,negative,"Memang malah kelihatan aneh kalau ada film besutan Marvel yang ga ada post-credit scene nya,kaya film yg habis saya tonton,#Logan."
35,negative,Film norak!!!! 
36,negative,adanya film critical eleven ini jadi merusak image Ale Anya di kepalaku :(
37,negative,"#FactRica ~ kurang suka sama film-film romantis, karena endingnya pasti jadian"
38,negative,Dibalik novel yang diangkat jadi film. Terus jadinya kurang. Sesungguhny ada campur tangan produser yang sok tau dengan embel2 lebih menjual
39,negative,karena ga respect kelakuan si dian sastro ...film itu jadi hambar.... ga bermutu...!!! 
40,negative,sebnarnya ini film lumyan bgus..sayangnya aktor n aktrisnya dari rusia jadi filmnya trsa hambar
41,negative,Kalo Nolan bikin film gak ada perempuan seksi* dan bumbu percintaan selalu hambar.
42,negative,"1. Insidious (2010) Meski creepy dan bagian awalnya bikin tegang, bagian akhir film ini justru terasa agak datar. Hal tersebut berpengaruh+"
43,negative,Ini gue nonton film homo aja rumit bener
44,negative,Sayang banget ketika ada film lokal yang bagus tapi budgetnya kurang jadi layar yang bisa di tonton jadi terbatas banget. sayang banget
45,negative,Film macam apa ini? Nonton nya bikin gue menderita -_-
46,negative,jadi gue nonton The Mummy ini karena seseorang bilang film nya bagus. tapi kemudian setelah keluar dari bioskop merasa menyesal...
47,negative,"Semalam nonton film ini, paginya ane download, malem langsung nonton.. ane smpai begadang.. hasilnya? Ane Kecewa... http://fb.me/13sZi5lbC "
48,negative,"Aku takut kecewa nonton film Danur, takut ga sesuai ekspetasi ketika di buku. Mikir panjang, serius."
49,negative,Nonton alien : covenant di @cinema21 mall @MciMall kaya nonton bajakan parah ada yg di SKIP mati mati jelek parah!!!! Film bagus jadi jelek 
50,negative,"gue adalah orang yg jarang bgt nntn film indonesia..krn tiap nntn, gue slalu kecewa sama pembuatan film yg mnrt gue ga totalitas"
51,negative,"Awalnya agak ragu mau nonton, karena kebanyakan kecewa waktu nonton film dari adaptasi novel"
52,negative,Sebenarnya gamau berekspektasi tinggi sih dari sebuah film yang diangkat dr buku. Biasanya malah kecewa :(
53,negative,Ya sudah tidur saja kecewa film nya bukan yang diharepin hufy
54,negative,"Sama, ane juga kecewa ma nih film, padahal udah lama nungguin"
55,negative,Ka @selliyamanto udah nonton #MembabiButa? Agak kecewa nonton film tu
56,negative,Jenuh nonton film... hambar
57,negative,sesal di dada nonton ini film...
58,negative,"Netizen membatalkan nonton film ""Kartini"" gara-gara kelakuan @therealDiSastr. http://bit.ly/2o2iRPY"
59,negative,"film jelek, jelas. Ga ada isinya."
60,negative,Itu film makin aneh ajaa ?
61,negative,"Agak aneh film terbaru Conan, baru kali ini gk spektakuler. Tp openingnya hancurin gedung sih"
62,negative,"@askmenfess Film yang bikin emosional, bener-bener nyedot emosi."
63,negative,@pandji @InsyaAllahSah Film busuk dan artis dungu merusak bhineka
64,negative,"Kecewa dgn plot cerita film dengan the guys, critanya seakan lompat ga ada proses visual yg bs bikin kta mengerti mengapa amira suka sm alfi"
65,negative,jijik banget sama film ini. apalagi pas dia jadi kelinci gede-_- nightmare parah. https://t.co/eDoiFuS8P5
66,negative,"bnyak yg bilang film Mummy jelek, pdahl pengen nonton"
67,negative,"Banyak yang bilang, film ini jelek. Daur ulang yang gagal. Di imdb dan ratattote aja ratingnya anjlok. Tp menurutku, aku suka sama film ini"
68,negative,Naruto adalah film paling bodoh ke-8 haha #faktanya #quote
69,negative,Gw ekspektasinya film ini punya kekuatan narasi yg gw bisa jadiin motivasi. Tp kalimat inspiratifnya kurang banyak hehehe
70,negative,Film e hambar
71,negative,"Film The Mummy menurut gue gak sesuai harapan, agak agak gimana gitu filmnya, weird. Dan bukan film tipe bang tom seperti biasanya -_-"""
72,negative,yah kirain film baru wkwk penonton kecewaa
73,negative,"Mau bilang jelek ya bilang aja, sekalipun yg buat film itu teman sendiri. Sebut ""filmya bagus"" padahal biasa aja ngga bkin tmen lu maju sih."
74,negative,"Abis nonton King Arthur. Temen gw pesen, sblm nonton ""loh, itu film jelek katanya"" jgn selalu percaya ama pesen yg ada unsur ""KATANYA"" .."
75,negative,Kadang lebih gampang nilai film jelek ketimbang nilai film bagus. Mbuh.
76,negative,Ini film apa dah. Baru mulai udh bgni-_- jijk
77,negative,"Film Kartini menang pd pemain"" film yg kelas atas yg sudah punya nama. Tapi ceritany kurang dapat dan kurang riset menurut saya."
78,negative,"Entah aku yg kurang belajar sejarah apa gimana, tapi entah kenapa konflik yg ditampilkan di film Kartini kaya kurang memenuhi ekspektasi aja"
79,negative,"Film itu kalau byk di sensor, rasanya g ada, hambar"
80,negative,Semoga ga busuk kyk film yg pertama
81,negative,Flm apa ini :) arah dan tujuannya nggak jelas.. Nyesel download ! Sabar... Ini ujian ! — menonton Hangout Film
82,negative,Hari ini nonton film terasa; hambarr
83,negative,Kurang mengerti sama film nya the mummy..
84,negative,Kecewa banyak deh pkoknya.. Setidaknya mslh jam tayang bs aja ngertiin tp klu film di cut itu yg g bs dingertiin #KaulahTakdirkuMembelamu
85,negative,"Pernah novel favorit di filmkan & hasilnya bikin kecewa parah. Tp dari teaser #CriticalEleven saya yakin, team CE serius sama film ini"
86,negative,"Intinya, kmren kecewa bgt sama @cinema21 krna mmbiarkan anak kecil nnton film dewasa & jam tayang malam (20.30 WIB) pula #CriticalEleven"
87,negative,Aduh! Film bagian ini jijk parah
88,negative,Kecewa parah nnton film the guys ini. Entah kenapa makin ksini radit bkin film gapernah bener. Lucu juga nggak. Jalan cerita juga gadapet...
89,negative,"Agak kecewa sama film Danur, diluar ekspektasi :("
90,negative,Ancur bgt itu film. Jelekk
91,negative,Flm nya jelekk bingittsss.
92,negative,"Film hangout kok biasa aja sih, malah gak jelas sepertinya. Kecewaa"
93,negative,Ternyata ending film kamar 207 jelekk
94,negative,Filmnya aja ngehek...... ini seriesnya ngehek juga ga
95,negative,Kurang suka sama film #pesbukers cewe2 terllu terbuka penampilannya. Kurang baik klo di tonton anak kecil
96,negative,Buried ini film budget termurah dengan tingkat depresi tertinggi
97,negative,"lalu setelah film berakhir, mikir ''ngapain nonton film yang isinya anak sma semua..'' terus agak nyesel :("
98,negative,"Gila, film Britney Ever After jelek banget parah! Nyesel nonton walau gak sampe abis."
99,negative,"Film danur nggak seperti novelnya. Harapan lebih serem ternyata cuman bikin boring. Sorry teh, tapi novelnya lebih bagus :)"
100,negative,ga bakal gua nonton film setan indonesia thur. mengecewakan semua. murahan cuma ngandelin sex
101,positive,"Keren bang flm lo @radityadika persahabatan, keluarga dan cinta kentel banget. Tokoh pemain pas semua keren bang"
102,positive,"Habis nonton film Kong: Skull Island 2017. Lumayan greget filmnya, 7.5 deh.. layak buat nobar"
103,positive,"Bravo untuk #filmkartini! Pemainnya bagus, sudut pandang ceritanya pun menarik. Film yang penting untuk ditonton perempuan dan juga lelaki."
104,positive,Abis nonton film #kartini. Bagussss bgt! Dr awal sampe akhir haruuuu
105,positive,#RomanHarusBertahan bangga menyukai film yg mengandung bnyak makna sperti ini.. @RompisRepost @LayarDrama_RCTI
106,positive,"Tiga kata untuk film #danur : cukup, dramatis dan laris."
107,positive,Film kartini.. Meski aku agak telat nontonnya. film ini bagus banget...kalian sukses mendeliver cerita dan pesan.. good job guys... 
108,positive,Aku menangis di akhir film kartini #banggafilmindonesia
109,positive,"pokoknya kalian harus nonton film kartini, asli KEREN ! @LegacyPictures @Hanungbramantyo nonton di bioskop ya, bikinnya susah loh"
110,positive,"film divergent seru-_- ah kenapa udh selesai sih-,-"
111,positive,"Tentang Get Out. kalo masih ada, cepetan nonton. mending nonton ini dulu daripada Fast Furious 8 http://tz.ucweb.com/4_OaOo "
112,positive,Saya suka video @YouTube http://youtu.be/JxTmtJ0Fc2U?a  TRAILER FILM THE GUYS (di bioskop 13 April 2017)
113,positive,"Agak kebanyakan nangis2nya untuk selera saya, tapi secara keseluruhan sy kagum dengan film #Kartini."
114,positive,"thank you buat mas @awisuryadi dan tim yg uda buat Danur. film nya keren banget.buat tmn2 yg belum nonton, silakan ditonton. rekomended."
115,positive,#DANUR film horor Indonesia terlaris sepanjang masa dengan 2.690.000 penonton sejak tayang 30 Maret 2017. #ManojPunjabi #DanurMovie
116,positive,"Bertambah lagi film Indonesia yang bakal jadi favorite. Ya, #CriticalEleven setelah baca buku & nonton. Gak kecewa. Sama2 Bagus @ikanatassa"
117,positive,nah ini. coba nonton filmnya deh. asik parah 
118,positive,"Nonton Get Out bener2 gk punya ekspektasi apa2, cuma tertarik karna ini filmnya Jordan Peele, dan puas!! Keren parah, film sakit jiwa ini."
119,positive,"Kalo lagi nyari film comedy, ini recomended nih... Lucu parah! Asli! "
120,positive,"Cek tread ini aja, Film gak terkenal yang ternyata asik di tonton - https://kask.us/hezsL  banyak nemu film bagus disini."
121,positive,Sekarang lagi ada film yang bagus banget di bioskop. Judulnya Ziarah. Film Indonesia yang patut diapresiasi.
122,positive,"Critical eleven film yang bagus. Dari cerita, pemain sampai gambarnya, semuanya bagus. Puas banget dah nontonnya."
123,positive,Film Ziarah sangat layak ditonton. Pengen peluk sutradaranya yang sukses mengarahkan pemeran mbah Sri - peran umur 95 thn.
124,positive,Dan akhirnya setelah nunggu setahun mulai juga ni film #KantiniDHijabers
125,positive,Satu satunya film indonesia yg gue tunggu bgt buat di tonton. Setelah liat filmnya lgsg gagal moveon. Pgn nnton lagiii #CriticalEleven
126,positive,Tp rasa bangga-nya pasti akan berkali2 lipat kalo film perdananya bisa meledak di pasaran dan tercatat menjadi film terlaris.
127,positive,"@CenayangFilm mbah, cucumu barusan nonton Night Bus. gila, keren gini ya. tinggal dikit lagi layarnya di bandung mbah, kasian :("
128,positive,"film indonesia terbaik tahun lalu yang saya tonton. #ziarah diputar di bioskop 18 mei 2017. catat di hape, tonton di hari pertamanya."
129,positive,Dari awal sampe akhir kagum banget sama film the guys raditya dkk kocak banget @cinema21 @sorayafilms #21TheGuysQuiz
130,positive,"Papa mama aku juga ikut nonton , mereka termasuk critical sm Film Indonesia,mereka blg film ini Bagus sekali :) terimakasi @Hanungbramantyo"
131,positive,"Sumpah film danur bagus banget. yg ini nihh baru dapat film yang kenyataan bener,..seru bikin ngageting #DanurMovie"
132,positive,Buat yg udah nonton The Guys. Pilihan nonton di @cinema21 lainnya adalah #Unlocked film action yg seru. Cocok buat nemenin pas long weekend.
133,positive,Nonton Film The Guys. Filmnya ngakak Abis ada sedihnya juga film dengan paket yg komplit hehehehe Sukses terus @radityadika
134,positive,Sumpah ini film bagus bngt! Nonton berkali-kali gapernah bosen film the guys sangat menginspirasi tnx bang udah buat film ini @radityadika
135,positive,Kalo belom nonton Kartini harus banget sih nonton! Sama film korea judulnya Obsessed tp 18+++ huehe ()
136,positive,Nangis itu gegara nonton film kartini (1982) yang epic banget.
137,positive,"Dan film ZIARAH ini muatannya berlapis. Tentang hidup, tentang cinta, tentang sejarah, tentang misteri, banyak sekali yang bisa disimak."
138,positive,"90.4| Film ""Kartini"" bisa ditonton oleh semua umur. Karena film ini selain menghibur juga mendidik dan menginspirasi #FFF"
139,positive,"Film sejarah, jarang sekali di negara ini. Jika membaca sejarah saja kita enggan setidaknya tontonlah filmnya @Hanungbramantyo Kartini"
140,positive,"Pengerjaan film #Kartini terasa sangat sungguh2. Baik dari pemain maupun produksi. Selamat ya, Mas @Hanungbramantyo"
141,positive,Lapor mbah @CenayangFilm film ini keren. Worth to watch. Syukur2 bisa instrospeksi diri abis nonton.
142,positive,"thanks for today @andibowooo :-* film #TheBossBaby bagus banget dapet feel nya dari lucu, ketawa , amazing pokonya "
143,positive,Film Ziarah teramat sangat keren. Bangga. Layak dapat Oscar...
144,positive,Barusan bgt kelar nntn @filmziarah film lokal pertama yg gue tonton dan berhasil bikin nangis @bewe_bw speechless liat aktingnya @alitalit_
145,positive,Bahagia telah dipertemukan dengan film keren ini 
146,positive,Film Kartini bagus bangettt!!!! Wajib ditonton!
147,positive,minggu lalu nonton #DANUR mau review seneng juga sih film horror Indonesia sudah bagus lagi @CenayangFilm @ScreenSaversID
148,positive,"#FilmKartini menginspirasi untuk berjuang menjunjung nilai kebenaran, bukan dominasi penguasa dan kekakuan budaya @LegacyPictures"
149,positive,"10. Kalaupun mau bikin film horror, film Danur bisa jadi rujukan .. ringan tapi menakutkan "
150,positive,Banyak moral yg bisa dipetik dari film wonder woman. Salah satunya adalah menjaga auratmu dr cowok hidung belang ?
151,positive,Berikut 5 film horor Indonesia berpendapatan tinggi dalam 10 tahun terakhir. Dapatkan tiket @DanurMovie di http://bit.ly/belidanur
152,positive,Trust me. #GetOut itu tipe film paling nyaman dinikmati saat kita gak tau sama sekali filmnya mau kemana. Kalau sudah baca sana-sini ya beda
153,positive,Nonton film #getout berbudget minim tp hasilnya sungguh tk diduga bgtu jenius smp mkir brulang apa yg sbnrnya trjadi
154,positive,Ini salah satu film yg simple tapi hasilnya luarbiasa. Ga aneh film #GetOut dapet critical acclaim.
155,positive,"Dan sy bahagia krn film sebagus @filmziarah ditonton oleh mrk. Kalaupun mrk ditugasi gurunya, gurunya itu bagus #filmziarah"
156,positive,"pokoknya kalian harus nonton film kartini, asli KEREN ! @LegacyPictures @Hanungbramantyo nonton di bioskop ya, bikinnya susah loh"
157,positive,"Film Kartini bagus banget, sebelah saya sampe nangis, artinya film ini mampu memberikan keresahan pada penontonnya."
158,positive,"Ini film keren, banyak falsafah hidup. Salut"
159,positive,"Males2an diajak liat The Guys, karena masih ngerasa duit terbang percuma pasca nonton Hangout. Eh ini beda ternyata tjoy, film ini keren."
160,positive,"Permintaan terbuka untuk warganet Indonesia. Jikalau ada waktu + kesempatan, tontonlah film ""Ziarah"". Salah satu yg terbaik yg pernah ada~ "
161,positive,"Sampai hari ini, aku masih terngiang2 Film Critical Eleven, ya Tuhan. Betapa aku banyak belajar dr menonton itu. Hemmmm"
162,positive,habis liat Film kartini yg luar biasa...pemikiran dan gerakan kartini hrs di lanjutkan
163,positive,#filmkartini @Hanungbramantyo sangat layak utk diapresiasi tinggi. Tak ada gading yg tak retak. Tp cuma retak samar. Film ini BAGUS!
164,positive,"Di Film Danur, justru yang membuat saya terkesan sosok Asih. Expresi yang datar, tanpa kata membuat penasaran,... http://fb.me/1uxomgQjS"
165,positive,Danur seru bangat flm nya Yg blm nonton harap nonton #l4like
166,positive,Film-film tersebut juga cocok lho ditonton bareng anak Anda. Yuk mulai nonton lagi film berkualitas dari Indonesia #BTInd
167,positive,"Gue udah nonton bang, sumpah pecah banget nih film karena berhasil bikin mewek nontonnya ? https://t.co/e9UbwUtbQJ"
168,positive,nih film komedi lucu bangt bahasa jawa https://t.co/46I52na21l https://t.co/TopkrZd0DZ
169,positive,Awalnya sih sempet khawatir setiap liat film adaptasi dr novel takut gak sesuai ekspektasi tp #CriticalEleven malah bikin speechless.
170,positive,Salah satu film yg gak pernah bikin bosen ditonton berapa kali pun: The Intern. What a lovely movie. @CenayangFilm
171,positive,"Gk nysel aku bg, uda ntn vlog mu yang the guys dri awal smpe akhir, dan akhrnya terbayarkan sama film mu bang kern kli @radityadika seriusan"
172,positive,Tadi abis nonton @GetOutMovie. Gokil sih premisnya. Keren lah itu film.
173,positive,@ernestprakasa Slamat koh ernes atas kemenangan film cek toko sebelahnya Kita kuat karna kita beragam bukan seragam
174,positive,"ini film keren banget bang Kekeluargaannya, cintanya, persahabatannya, komedinya dpt banget sumpah. Jadi makin cinta sama alfi. @radityadika"
175,positive,Dan tiap scene Reza-Adinia ini selalu gold moment #CriticalEleven. Ini berdua emg dah ditakdirkan jadi pasangan plg cocok di film saat ini.
176,positive,"Film yang keren, pemainnya menggembirakan meski banyak penonton menangis. #kartini"
177,positive,"RT @GreatBos: Jarang nonton movie Indonesia Tapi. Yang judulnya Syahadat Cinta, bagus Pemirsa, Recommended .. Jalan ceritanya SERU! .. Hoo…"
178,positive,ASTAGAH! FILM FAVORIT KELUAR LAGI LANJUTANNYA. 
179,positive,"Masih belun moveon dari #CriticalEleven dan ini bikin saya belajar satu hal. Buku yg diadaptasi ke film, gak bisa kita samakan kualitasnya"
180,positive,"Sudah nonton Critical Eleven. Menyenangkan kok, masuk kategori film Indonesia yang wajib tonton lah."
181,positive,nah ini. coba nonton filmnya deh. asik parah 
182,positive,@unaazizah @yanskii Film keren
183,positive,Lebih suka film yang bentar tapi menarik #DhikeFact
184,positive,ga sabar nunggu Bluray nya. pasti banyak special feature yang keren. lebih lucu kalo ada bloopernya
185,positive,"Film The Guys wajib ditonton bagi kamu yang sayang orang tua, sahabat yang baik, creatif dan cinta kebebasan. Kereen bgt kak @radityadika"
186,positive,"Film The guys nya keren abiss bang @radityadika . Lucu dapet, romance nya dapet, dan sedih nya juga dapet."
187,positive,"41 Vlog dan nunggu 22 hari setelah tanggal rilis baru nonton, kece banget, cerita yang tak tertebak sama sekali. Film THE GUYS @radityadika"
188,positive,Kmrn nonton film THE GUYS di situ bener2 ngerasain bgt bahwa sahabat lebih dari segala2''y knapa bang kalau bkn film sllu keren @radityadika
189,positive,Kartini... pemamarannya sangat sederhana dan apa adanya yang justru membuat film ini sangat enak untuk dinikmati @Hanungbramantyo
190,positive,Abis ntn film Kartini. Bnr2 menginspirasi dan makin membuka pikiran.
191,positive,"baru nonton Kartini, salah satu film nasional yg sangat recommended untuk ditonton. saya nangis, campur aduk rasanya :'')"
192,positive,Film Kartini *sangat niat banget lihat film ini dan keren sekali dimana banyak scene2 yg sy harus menitikkan air mata #filmkartini #kartini 
193,positive,KARTINI adalah salah satu film Indonesia bertema sejarah terbaik yg pernah dibuat. Digarap dgn serius dan tema msh relevan dgn kondisi skrg.
194,positive,harusnya memang begini... Film kartini memang harus di tonton generasi muda http://fb.me/6tQqDGGLJ 
195,positive,Menurutku danur bagus dan cukup bangga dengan film horor hasil karya bangsa ini
196,positive,Fargo juga adaptasi dari film yang cukup berhasil. Season 1-nya the best! https://t.co/tkEEK3Evs9
197,positive,637.000 waw ini sangat keren flm horor dng jumlah penonton segini dlm waktu 4 hari @prillybie @danurmovie
198,positive,@filmziarah film yang tenang dan menghanyutkan. Salut dengan Mbah Ponco yg bisa membawakan karakter Mbah Sri dengan sangat baik. #FilmZiarah
199,positive,Film yg amat menarik. Kisah cinta & kesetiaan yg disajikan secara tidak biasa. Bikin kgn nenek. Recomended movie @filmziarah #meiberziarah
200,positive,"Nntn @filmziarah , film bagus, ada kali 5 menit penonton gak beranjak tetep ngliatin layar pdhl film dah selesai, msh spicles sm endingnya"
1,positive,<USER_MENTION> #BOIKOT_<PROVIDER_NAME> Gunakan Produk Bangsa Sendiri <PROVIDER_NAME>
2,positive,"Saktinya balik lagi, alhamdulillah :v <PROVIDER_NAME>"
3,negative,Selamat pagi <PROVIDER_NAME>  bisa bantu kenapa di dalam kamar sinyal 4G hilang yang 1 lagi panggilan darurat saja  <URL>
4,negative,Dear <PROVIDER_NAME> akhir2 ini jaringan data lemot banget padahal H+ !!!!
5,negative,Selamat malam PENDUSTA <PROVIDER_NAME> 
6,negative,Untuk penembakan paket dari <PRODUCT_NAME> masih gangguan ya <PROVIDER_NAME>
7,positive,"<PROVIDER_NAME>  aku pakai <PROVIDER_NAME>, paket <PRODUCT_NAME> nya udah off tapi gantinya ada paket <PRODUCT_NAME> yg bisa gratisan youtube, senang banget <PROVIDER_NAME>"
8,negative,RT <USER_MENTION>: <PROVIDER_NAME> tak ada lagi dalam kamus perhapean saya. #Boikot<PROVIDER_NAME> <URL>
9,negative,keluhan gak ditanggapi. bikin emosi aja. pulsaku dicuri terus. soak deh. masa setiap hari pulsa berkurang 1500-2100 bisa 2-3*/hari
10,negative,#Bilboard iklan <PROVIDER_NAME> kok ada pesan tersembunyi? #Boikot<PROVIDER_NAME> #Ramadhan <URL>
11,negative,"<PROVIDER_NAME> mampus!!!!! bulan puasa, subuh2 mau sahur cek pulsa tersedot terus. dan sekarang sisa 30 ribu <PROVIDER_NAME> Tolong dibaca!!!"
12,negative,<USER_MENTION> Pernah coba pakai <PROVIDER_NAME> tapi parah koneksinya 
13,negative,"Setuju, <USER_MENTION> silahkan boikot saja pelanggan <PROVIDER_NAME> pendukung #HRS <URL>"
14,negative,"Dibela belain daftarin kartu 4G tunggu sejam siang2 sambil puasa, sampai rumah sinyal 4Gnya gak ada, adanya di kota!, <PROVIDER_NAME>"
15,negative,<PROVIDER_NAME> datanya kok sering hilang <PROVIDER_NAME>
16,negative,#internetlelet  <PROVIDER_NAME> ga sesuai iklan 
17,positive,<PROVIDER_NAME> <PROVIDER_NAME> kangen nih dapat kiriman pos marchandes nya <PROVIDER_NAME> langsung dari pak pos nya 
18,negative,"yang katanya 150MBPS kecepatanya cuma 3kbps, kuota full. Ga bisa buka google? Udah bikin nguras uang dan baterai… <URL>"
19,negative,kuota #internet <PROVIDER_NAME> masih banyak tapi koneksi internetnya LAMBAT BANGET! #<PRODUCT_NAME> <PROVIDER_NAME> #4G #lte… <URL>
20,negative,Ampun... Sinyal 4G <PROVIDER_NAME> lemot seperti siput. Acara live streaming jadi terganggu. Mundur terus <PROVIDER_NAME>
21,negative,Jaringan <PROVIDER_NAME> di Nabire bagus? Itu hanya berita HOAX #HOAX <PROVIDER_NAME>
22,negative,Makin jelek jaringan di takalar <PROVIDER_NAME>
23,positive,Jadi stabil disini. <PROVIDER_NAME> <URL>
24,positive,#CUG <PROVIDER_NAME> #Community Sangat Cocok Buat Komunikasi Antar :. - Keluarga. - Rekan Bisnis / Kerja. - Sekolah / Kampus. - Hubungan Jarak.
25,negative,<PROVIDER_NAME> <PROVIDER_NAME> ini kualitas provider <PROVIDER_NAME> gangguan trouble mahal berhari2 #useless4g <URL>
26,negative,<PROVIDER_NAME> <PRODUCT_NAME> sinyalnya tai...
27,negative,Jaringan internet <PROVIDER_NAME> di sumba timur parah....
28,negative,"Dengan ajaib kuota hilang, usage diberikan bahkan bukti penggunaan tidak melebihi batas. <URL>"
29,negative,"Bertahun tahun pakai <PROVIDER_NAME>. Masa aktif sampai 2018 karena seringnya ""bayar"" untuk dapat pelayanan yang memuaskan"
30,negative,cepat banget data <PROVIDER_NAME> habis <URL>
31,negative,<USER_MENTION>: Apa gak kurang tolol namanya. <PROVIDER_NAME> provider gak ada urusan sama semua Chat App! 
32,negative,"mungkin <PROVIDER_NAME> benar, berarti tinggal #whatsappNotSave <URL>"
33,positive,"Hore,,, Akhirnya ada sinyal 4G <PROVIDER_NAME> di Sambu"
34,positive,Alhamdulilah dikunjungi para vendor mitra <PROVIDER_NAME> ke #klinikKUMSda… <URL>
35,negative,Terlambat ikut <PRODUCT_NAME>... Jelaslah jaringan <PROVIDER_NAME> lemot...
36,negative,"<PROVIDER_NAME> tega, Menyampaikan pesan kok suka telat,, bikin #BAPER"
37,negative,Jaringan 4G kecepatan 2G <PROVIDER_NAME>
38,negative,Paket extra combo kok lemot ya <PROVIDER_NAME>
39,negative,Kenapa! Masa buka Facebook aja gak bisa <PROVIDER_NAME>
40,negative,"Rugi isi kuota <PROVIDER_NAME> jaringannya busuk banget, dirugikan .."
41,negative,solidaritas perlu.. tapi perasaan lebih penting lagi dari solidaritas.  ngomong dong <PROVIDER_NAME>
42,positive,<PROVIDER_NAME> 1berbagi tanpa kuota 2 berbagai kapan saja <PROVIDER_NAME> bagi berkah <USER_MENTION>
43,positive,"<PROVIDER_NAME> bagi berkah 1video ngabuburit dengan anak, video sahur bersama keluarga, video pakai baju koko baru, <USER_MENTION>"
44,negative,Koneksi <PROVIDER_NAME> di daerah #sawojajar kota #malang seminggu ini lemot parah ? lagi gangguan kah? <PROVIDER_NAME>Care <PROVIDER_NAME>
45,positive,"Saya pakai <PROVIDER_NAME>, meski <PROVIDER_NAME> lebih greget dalam hal network and speed, setidaknya <PROVIDER_NAME> lebih irit buat anak kere seperti saya."
46,positive,#Boikot <PROVIDER_NAME> harusnya #boikot<PROVIDER_NAME> kartu mahal!. lebih bagus juga <PROVIDER_NAME>
47,positive,<PROVIDER_NAME> <PROVIDER_NAME> Berbagi berkah
48,negative,Baru isi kuota ... tapi baru 2 menit langsung habis kacau. <PROVIDER_NAME> <URL>
49,negative,Sinyalmu jelek banget sih akhir akhir ini <PROVIDER_NAME>
50,negative,#Boikot<PROVIDER_NAME> Pergerakan masif PKI dan antek2nya melalui iklan <PROVIDER_NAME>. Mari hancurkan PKI melalui #Boikot<PROVIDER_NAME>
51,positive,Alhamdulillah masih #setia dengan <PROVIDER_NAME>.. jangan menari di tabuhan gendang orang lain.. selamat isya dan tarawih... 
52,negative,"Aku kira diganti pulsaku. udah komplain sana sini, kok cuma php, <PROVIDER_NAME>"
53,negative,Sinyalmu kenapa <PROVIDER_NAME>
54,negative,<PROVIDER_NAME> musuh Ulama #Boikot<PROVIDER_NAME> <URL>
55,negative,RT <USER_MENTION>: sudah lama gak pakai <PROVIDER_NAME>
56,negative,Saya gak benci tapi kelakuan <USER_MENTION> yang bikin #Boikot<PROVIDER_NAME>  Pendukung #PKI coba kamu lihat iklan <PROVIDER_NAME> ada gambar palu arit
57,negative,RT <USER_MENTION>: <USER_MENTION> HT Nya #PuasPake<PROVIDER_NAME> Noh. aku pakek <PROVIDER_NAME> Gimana thu..…
58,negative,"<PROVIDER_NAME> bisa gak sih kuota 4G digabung saja sama 3G, sayang gak terpakai mubazir... Mubazir itu temennya setan lho!! <PROVIDER_NAME> "
59,positive,"Rejeki pejet2.., semoga ke depan dapat samsung J5..#<PRODUCT_NAME> <PROVIDER_NAME> Medan, Indonesia <URL>"
60,positive,Asik juga kencang begini ? <PROVIDER_NAME> <URL>
61,negative,Buat apa beli paket 4G jika jaringan internetnya masih Edge <PROVIDER_NAME> <PROVIDER_NAME>
62,negative,Bagaimana ini <PROVIDER_NAME> 4G tapi lemot
63,negative,Nelepon ke sesama <PROVIDER_NAME> pulsa 20.000 cuma cukup buat 23 menit? <PROVIDER_NAME> BANGSAT..............<PROVIDER_NAME>…<URL>
64,negative,Signal 4G <PROVIDER_NAME> bekasi kenapa? Gak bisa internetan sama sekali dari tadi subuh
65,negative,<PROVIDER_NAME> tarif Internet Super Kuota naik lagi. Negara lain internet makin murah kok <PROVIDER_NAME> makin mahal? 
66,negative,JARINGAN <PROVIDER_NAME> tidak ada SINYAL untuk wilayah Sindangkasih - ciamis <PROVIDER_NAME> 
67,positive,<PROVIDER_NAME> terimakasih <PROVIDER_NAME> akhirnya menang pointastic deal dari <PROVIDER_NAME> #PointasticDeal <PROVIDER_NAME> <URL>
68,negative,"<PROVIDER_NAME> kalo bukan karena nomer sudah lama, pasti sudah dibuang saja dari dulu. <PROVIDER_NAME>"
69,negative,<PROVIDER_NAME> jadi yang dizalimi bukan cuma saya ya? <PROVIDER_NAME> <URL>
70,positive,mantap ini. #4g #LTE <PROVIDER_NAME> <URL>
71,negative,Sinyal jelek! Komplain gak direspon! #Boikot<PROVIDER_NAME> <PROVIDER_NAME> <URL>
72,negative,"Alhamdulillah mulai hari, ini 2 kartu telpon dan 2 kartu internetan kami gak pakai <PROVIDER_NAME> lagi. #Boikot<PROVIDER_NAME>"
73,negative,#Boikot<PROVIDER_NAME> bentuk tekanan masyarakat agar perusahaan publik sekelas <PROVIDER_NAME> lebih berhati-hati ke depannya… <URL>
74,negative,<USER_MENTION> <USER_MENTION> <PROVIDER_NAME> Alhamdulillah saya gak pakai <PROVIDER_NAME> dari dulu #Boikot<PROVIDER_NAME> 
75,positive,Saya dulu memimpikan pakai <PROVIDER_NAME>.  Tapi sekarang gak mimpi lagi.  Setia saja sama <PROVIDER_NAME> walau mahal sedikit. Ikutan #Boikot<PROVIDER_NAME>
76,positive,"jauh sebelum ada aksi #Boikot<PROVIDER_NAME> saya tidak pakai <PROVIDER_NAME> lagi,  sebab <PROVIDER_NAME> masih lebih bagus maaf bukan iklan tapi kenyataan"
77,positive,<PROVIDER_NAME> yang terbaik ini peserta nya… <URL>
78,positive,RT <USER_MENTION>: Teman sehari hari. #<PROVIDER_NAME> <PROVIDER_NAME> #<PROVIDER_NAME> #telecommunications… <URL>
79,negative,<PROVIDER_NAME> jelek banget sinyalnya <PROVIDER_NAME>
80,positive,"Saya bisa ke Sydney karena program <PROVIDER_NAME> & itu GRATIS! ada 22 Mahasiswa. Belajar dn liburan, kalian para hacker intropeksi sana"
81,negative,Internet mahal turunkan harga paket <PROVIDER_NAME> 
82,positive,Selalu pakai <PROVIDER_NAME> belum pernah pakai <PROVIDER_NAME> dan merasakan <PROVIDER_NAME>lemot Meski <PROVIDER_NAME>mahal tapi dibarengi dengan kualitas
83,negative,"Webnya <PROVIDER_NAME> dibajak ya?  Cie dibajak. Semoga habis ini paket2, spam2 dan promo2nya makin subur.  <PROVIDER_NAME>"
84,positive,CS <PROVIDER_NAME> <PROVIDER_NAME> emang paling fast response sama keluhan konsumen. Beda dengan operator sebelah! #opinipenjualpulsa
85,positive,"Ini prinsip soalnya <PROVIDER_NAME> lebih murah dari <PROVIDER_NAME>, masalah sinyal disini Alhamdulillah kencang karena di kota besar kok"
86,positive,Terbaik Buat <PROVIDER_NAME> <PROVIDER_NAME>
87,positive,Kembali ke paketan <PROVIDER_NAME> <PROVIDER_NAME>
88,positive,<PROVIDER_NAME> Mantap di Sumedang <PROVIDER_NAME> 
89,negative,"<PROVIDER_NAME> semakin kesini semakin mahal, jaringannya 4G tapi lelet, pesan masukku penuh isinya pesan promo yang nyedot pulsa semua <PROVIDER_NAME>"
90,negative,Tolong dong kensinya di benerin di wilayah keramat jati. Kenapa lemot !!!! <PROVIDER_NAME> <PRODUCT_NAME> <PROVIDER_NAME>
91,negative,"Sinyal kami paling kuat KATANYA. internetku di jakarta lemot parah, 3g aja gak dapat. makin hari makin jadi ini provider <PROVIDER_NAME> <PROVIDER_NAME>"
92,negative,Keamanan <PROVIDER_NAME> dong yang harus ditingkatkan! Bikin rugi pelanggan aja..!! <URL>
93,negative,harga jual & jumlah per rupiah dari kilobyte internet... memang <PROVIDER_NAME> juara mahalnya sih tsel vs <PROVIDER_NAME> <PROVIDER_NAME> 
94,negative,<PROVIDER_NAME> <PROVIDER_NAME> kenapa jaringan 4g di sembungan bangunjiwo kasihan bantul sudah 3minggu sangat tidak stabil. kuota <PROVIDER_NAME> terbuang
95,negative,<PROVIDER_NAME> <PROVIDER_NAME> apakah setelah mendapat banyak customer sekarang 4G di Sembungan Bangunjiwo Jogja jadi gak stabil?
96,negative,Sinyal macam apa ini? Ping game aja segede itu. Sinyalnya seperti tai. <PROVIDER_NAME> 
97,positive,lebih baik <PROVIDER_NAME> 
98,negative,Malas banget yang 12Gb jadi 6Gb <PROVIDER_NAME> masalahnya harga sama mahalnya - jaringannya sama dan free YouTubenya gak terpakai jamnya hadeh
99,positive,Yang gratisan memang menyenangkan <PROVIDER_NAME> <PRODUCT_NAME> <PRODUCT_NAME> #kuotagratis <URL> 
100,positive,Pindah provider saja kali ya buat internetan #kuning lemot... Dengar dari teman si #biru lebih bagus <PROVIDER_NAME> <PROVIDER_NAME>
101,negative,"tolong lakukan reset di nomor saya  Jaringan lemah, memakan waktu lama untuk open page web #LEMOT #JARINGAN #LTE <PROVIDER_NAME> <PROVIDER_NAME>"
102,positive,<PROVIDER_NAME> <PROVIDER_NAME> yg semakin kekinian bikin keki.
103,positive,kecepatan internet di ciwidey segini...  mantap <PROVIDER_NAME> #4glte <USER_MENTION> <URL> …
104,negative,"Jaringan 4g <PROVIDER_NAME> di cimahi kenapa yah,  kok lambat ?, sudah 4 hari ini.  Tapi kalo di kota bandung lancar jaya.. "
105,negative,"<PROVIDER_NAME> parah, cuma bisa di 3G <PROVIDER_NAME> <PROVIDER_NAME>"
106,negative,<PROVIDER_NAME> Koneksi 4G rasa GPRS <PROVIDER_NAME> 
107,negative,Kapan nih akses data di kecamatan cisewu kabupaten garut bisa 4G
108,negative,<PROVIDER_NAME> <PROVIDER_NAME>4GLTE <PROVIDER_NAME> #BOGOR #AREA  <URL> … UDAH 3 BULAN TIDAK ADA TANGGAPAN YG JELAS 
109,negative,"tidak direkomendasikan, baru coba paket <PROVIDER_NAME> mingguan, tes pakai twitter 30menit pulsa terus berkurang, langsung unreg. <PROVIDER_NAME>"
110,positive,Nonton gratis dibayarin <PROVIDER_NAME> poin  <PROVIDER_NAME> <PROVIDER_NAME>poin 
111,positive,"Belum lama pakai <PROVIDER_NAME>, alhamdulillah selalu bermanfaat sinyalnya. #gsm #handphone <PROVIDER_NAME> #Simpati"
112,positive,Terimakasih <PROVIDER_NAME> <URL> 
113,positive,Makin mantap saja si <PROVIDER_NAME>. Sekali SMS tarifnya 300. 
114,positive,"alhamdulillah sudah beres pakai <PROVIDER_NAME> <PROVIDER_NAME>, daripada nunggu konfirmasi <PROVIDER_NAME> yg gak akan pernah datang. #janji… <URL>"
115,positive,<PROVIDER_NAME> terimakasih <PROVIDER_NAME> akhirnya menang <PRODUCT_NAME> dari <PROVIDER_NAME>  #<PRODUCT_NAME> <PROVIDER_NAME> 
116,positive,Asik juga kencang begini <PROVIDER_NAME> 
117,positive,Terimakasih ya <PROVIDER_NAME> gratis 4Gnya ayo buruan upgrade <PRODUCT_NAME>
118,positive,"Upload video 1GB kurang dari 4 menit, memang mantab ini kecepatan <PROVIDER_NAME>"
119,positive,Dapat bonus kuota 2GB dan 100 menit nelpon ke semua operator dari <PROVIDER_NAME>  <PROVIDER_NAME> <PRODUCT_NAME> <URL> 
120,positive,Kuota masih AMAN <PROVIDER_NAME> #capture #kuotaaman Di Kota Mamuju <URL> 
121,positive,Masih ada yang hemat <PROVIDER_NAME>
122,positive,Pakai paket <PRODUCT_NAME> <PROVIDER_NAME> irit.  <PROVIDER_NAME> <PROVIDER_NAME> <URL> 
123,positive,"dibuang sayang karena terlalu setia, lagipula nomernya bagus  <PROVIDER_NAME> <PROVIDER_NAME> <URL> "
124,positive,Baru merasakan segitu besarnya ping.. 36604 ribu lumayanlah buat bukber <PROVIDER_NAME> <PROVIDER_NAME>
125,positive,Itu yang pada nulis disertai hashtag <PROVIDER_NAME>Lemot hidupnya dimana sih? Saya di Ungaran sini kok pakai <PROVIDER_NAME> lancar2 aja tuh.
126,positive,Makanya pakai <PROVIDER_NAME> 60 ribu dapet 9giga. <PROVIDER_NAME> <PROVIDER_NAME>dihack <PROVIDER_NAME> <PROVIDER_NAME>mahal
127,positive,mending pindah ke <PROVIDER_NAME> aja <PROVIDER_NAME>
128,positive,"Saya pakai <PRODUCT_NAME> <PROVIDER_NAME> <PROVIDER_NAME> karena jelas, terjangkau .. pake <PROVIDER_NAME> <PROVIDER_NAME> <PROVIDER_NAME> gak jelas, mahal"
129,positive,"Siapa yang mau ditelpon, mumpung ada gratisan nih ...  <PROVIDER_NAME>"
130,positive,Tumben <PROVIDER_NAME> murah hati padaKu #onlyForU Jangan2 semua pelanggan diginikan.
131,positive,"Canggih nih, nambah hari malah nambah kuotanya . #kuota <PROVIDER_NAME> <PRODUCT_NAME> #4g <URL> "
132,positive,<PROVIDER_NAME> PENUH DENGAN BONUS <PROVIDER_NAME> 
133,positive,"Sinyal <PROVIDER_NAME> hebat, sampai puncak Halimun masih tetap on, mantap "
134,positive,Nelpon 1.000 Dapat kouta 1gb
135,positive,Makin betah aja sama kamu..  :v   #operator  :v <PROVIDER_NAME> 
136,positive,lumayan ini murah meriah <PROVIDER_NAME> 
137,positive,"WOW, Saya baru mendapatkan hadiah fantastis dari <PRODUCT_NAME>! <PRODUCT_NAME> membuat semuanya jadi simpel <URL>  <PROVIDER_NAME>"
138,positive,"Cuma Modal Isi Pulsa 10ribu dapet 2GB Gratis dari <PROVIDER_NAME> :v Tumben Lagi baik, semoga Promonya makin murah murah <PROVIDER_NAME> :D . . <PROVIDER_NAME>"
139,positive,Ajaib min <PROVIDER_NAME> kartu saya bisa diisi pulsa & digunakan kembali.. terimakasih ya <PROVIDER_NAME>
140,positive,Mantap deh <PROVIDER_NAME>. Cuma isi pulsa 25ribu dapat bonus paket data 3GB. Terimakasih juga <PROVIDER_NAME> atas pelayanannya. <PROVIDER_NAME> #mantapjiwa
141,positive,terimakasih paket data sudah aktif  dan normal. terimakasih <PROVIDER_NAME> cukup puas dengan pelayanannya. <PROVIDER_NAME> <PROVIDER_NAME>
142,positive,banyak Perusahaan melupakan hal ini & banyak konsumen menghapus pesan tanpa membacanya menyalahkan padahal sudah diingatkan thanks <PROVIDER_NAME> 
143,positive,Terima kasih <PROVIDER_NAME> !! <PROVIDER_NAME>
144,positive,Hore....<PROVIDER_NAME> Ada sinyal.....thanks <PROVIDER_NAME> .... <PROVIDER_NAME> 
145,positive,Alhamdulillah sambil nunggu subuh bisa melihat lantunan Adhan Styles dari Mekah dan Madinah dengan jelas karena paket Internet <PROVIDER_NAME> saya bagus
146,positive,"Dengan <PROVIDER_NAME> juga bisa lihat youtube selama setahun tanpa kuota, makin keren aja. "
147,positive,Dengan jaringan 4G super cepat dari <PROVIDER_NAME> smartphone kamu terus terkoneksi dan bisa pantau aktivitas di sosial media :
148,positive,Menggunakan medsos harus sebijak mungkin. Apalagi ada fasilitas makin oke kayak FB gratis 30MB & free YouTube/Yonder/Genflix dari <PROVIDER_NAME>
149,positive,"pagi itu, menyegarkan mata selain lari2 kecil, bisa juga dengan nikmatin internet, atau nelpon yang super murah, suara jernih pake <PROVIDER_NAME>. gitu!"
150,positive,"Buka puasa sambil streaming di YouTube lancar banget pake <PROVIDER_NAME>, jadi makin setia sama <PROVIDER_NAME>."
151,positive,Selain jaringan 4G <PROVIDER_NAME> yang sangat luas temanku juga bisa nelpon ke operator lain secara gratis & suaranya juga jernih banget
152,positive,Koneksi internet <PROVIDER_NAME> yg lancar sangat  membantu saya dalam menyelesaikan pekerjaaan di hari Jumat sebelum weekend.
153,negative,ayo penuhi viralkan keras #Boikot<PROVIDER_NAME>! Nomor sy nomer <PROVIDER_NAME> cantik dr th2007 lgsg sy buang!Jgn main2 dg umat Islam yg brsatu
154,negative,AYO BUANG KARTU <PROVIDER_NAME> ! #Ruh212 <URL>
155,negative,"Selama ini saya pake <PROVIDER_NAME>, Insya Allah setelah paket yang sekarang kuotanya habis saya akan ganti operator lain #Boikot<PROVIDER_NAME>"
156,negative,CEO <PROVIDER_NAME> harus bertanggung jawab. Sudah ada counter perdana HP berhenti jual perdana <PROVIDER_NAME> #Boikot<PROVIDER_NAME>
157,negative,Biar jadi pelajaran buat yang lain... Saya tidak akan pernah pakai produk <PROVIDER_NAME>!!! #Boikot<PROVIDER_NAME>
158,negative,"kenapa pada boikot <PROVIDER_NAME> ya #Boikot<PROVIDER_NAME> mungkin karena sering nyedot pulsa ga tau dipake apa, sms 1 bayar 1000 cuma buat bonus maksa"
159,positive,Lumayan #Speedtest Jaringan 4G/LTE <PROVIDER_NAME> Area Tarogong #Garut cukup memuaskan <PROVIDER_NAME> <URL>
160,negative,Uji kecepatan <PRODUCT_NAME> #opensignal-ku di <PROVIDER_NAME> 3G <PROVIDER_NAME> disini jelek
161,negative,Tolong di urus segera saya ga mau bayar data yang saya ga dapet datanya <PROVIDER_NAME> <PROVIDER_NAME>
162,positive,Nonton gratis dibayarin <PROVIDER_NAME> poin  <PROVIDER_NAME> <PROVIDER_NAME>poin #passengers…
163,positive,Makasih ya <PROVIDER_NAME> gratis 4Gnya ayo buruan upgrade <PRODUCT_NAME> mu
164,positive,Makan malam gratis hari ini hasil tuker <PROVIDER_NAME> Poin  #7eleven #sevel <PROVIDER_NAME>… <URL>
165,negative,"Mohon di up jaringan 4G di wilayah Morowali, sangat buruk..  <PROVIDER_NAME> <PROVIDER_NAME>"
166,negative,Jaringan <PROVIDER_NAME> di Waru Atas arae Site WKP tidak dapat digunakan untuk telpon mohon cek Team <PROVIDER_NAME> 
167,negative,Semakin hari kualitas dan pelayanannya semakin buruk. Selama 5 bulan melakukan pelaporan namun tidak ada tindakan perbaikan. <PROVIDER_NAME>
168,negative,<PROVIDER_NAME> tolong jaringan di MUARA KAMAN diperbaiki... BBM aja ga bisa ngakses...menyambungkan melulu... sudah 3 minggu lebih
169,negative,Uji kecepatan NYATA  di <PROVIDER_NAME> 3G <PROVIDER_NAME> disini jelek
170,negative,Tolong diurus segera saya ga mau bayar data yang saya ga dapat datanya <PROVIDER_NAME> <PROVIDER_NAME>
171,positive,Lumayan #Speedtest Jaringan 4G/LTE <PROVIDER_NAME> Area Tarogong #Garut cukup memuaskan <PROVIDER_NAME> <URL> 
172,positive,Terimakasih ya <PROVIDER_NAME> gratis 4Gnya ayo buruan upgrade <PRODUCT_NAME>
173,positive,Makan malam gratis hari ini hasil tukar <PROVIDER_NAME> Poin   <PROVIDER_NAME>… <URL>
174,negative,ayo viralkan keras #Boikot<PROVIDER_NAME>! Nomor saya nomer <PROVIDER_NAME> cantik dari tahun 2007 saya buang! Jangan main2 dengan umat Islam yang brsatu
175,negative,AYO BUANG KARTU <PROVIDER_NAME> ! #Ruh212 
176,negative,"Selama ini saya pakai <PROVIDER_NAME>, Insya Allah setelah paket yang sekarang kuotanya habis saya akan ganti operator lain #Boikot<PROVIDER_NAME> "
177,negative,"kenapa pada boikot <PROVIDER_NAME> ya #Boikot<PROVIDER_NAME> mungkin karena sering menyedot pulsa ga tau dipake apa, sms 1 bayar 1000 cuma buat bonus maksa"
178,positive,"Buka puasa sambil streaming di YouTube lancar banget pakai <PROVIDER_NAME>, jadi makin setia sama <PROVIDER_NAME>."
179,positive,Koneksi internet <PROVIDER_NAME> yang lancar sangat  membantu saya dalam menyelesaikan pekerjaaan di hari Jumat sebelum weekend.
180,negative,<PROVIDER_NAME> kamu kenapa sinyalnya php <PROVIDER_NAME>
181,negative,Koneksi internet yang sangat menjengkelkan. <PROVIDER_NAME>  #lemot 
182,positive,"<PROVIDER_NAME> Nelpon lebih murah pake JS, kurang dari Rp1/detik. <PROVIDER_NAME> <PRODUCT_NAME> <PRODUCT_NAME>"
183,positive,"Terima kasih PT <PROVIDER_NAME> , kiriman GRATIS <PROVIDER_NAME> Home-nya sudah tiba."
184,positive,Kualitas sinyal 4G <PROVIDER_NAME> ikut melengkapi meriahnya festival tersebut. 
185,positive,saya pindah ke <PROVIDER_NAME> yang memang sudah terbukti
186,negative,Ini sinyal H+ palsu. Seperti H+ rasa edge. <PROVIDER_NAME> <PROVIDER_NAME> 
187,negative,Pelanggan <PROVIDER_NAME> <PROVIDER_NAME> yg ada di area #Pandeglangkota dirugikan krn jaringan telponnya rusak dan tidak diperbaiki
188,negative, Hati-hati Tukang Tipu!! <PROVIDER_NAME>
189,negative,Sedih. Pakai <PROVIDER_NAME> 4G gak stabil.
190,negative,Jarigan <PROVIDER_NAME> lelet. Karena gangguan atau rusak ya
191,negative,"Daerah Jagakarsa, pakai <PROVIDER_NAME> sinyalnya jelek, yang satu H+ gak dapat 4G, yang satu dapat 4G tapi gak ada sinyal?"
192,negative,<PROVIDER_NAME> cacat
193,positive,Ini baru #koneksi #internet #4g <PROVIDER_NAME> <URL> 
194,positive,<PROVIDER_NAME> BagiBerkah ...gak ada kata susah ..cukup sekali sentuh jadi mudah dan berfaedah
195,negative,<PROVIDER_NAME> tumbang di kota Semarang
196,negative,Kuotaku masih banyak internetan aja gak bisa <PROVIDER_NAME> <PROVIDER_NAME>Care <PROVIDER_NAME> 
197,negative,Selalu Lemot <PROVIDER_NAME>
198,positive,<PROVIDER_NAME> BerbagiBerkah karena berbagi itu menyenangkan apalagi sama orang yang kita sayangi.
199,positive,Santai pakai <PROVIDER_NAME> <PROVIDER_NAME>4G <PROVIDER_NAME>BagiBerkah bisa diandalkan
200,positive,banyak yang masih setia memggunakan <PROVIDER_NAME>
201,positive,"Yang saya pengen <PROVIDER_NAME> selangkah lebih maju dari yang lain baik layanan ataupun jaringan 3G atau 4G,"
202,positive,Yuk pakai <PROVIDER_NAME> Rp1 gratis 1GB
203,positive,Lebaran tetap pakai <PROVIDER_NAME> yaa #Rp1 gratis 1GB
204,positive,sinyal 4G <PROVIDER_NAME> dipalembang lancar
205,positive,Keren di rembang ada sinyal 4G <PROVIDER_NAME>
206,positive,sinyal <PROVIDER_NAME> kuat banget
207,positive,4G <PROVIDER_NAME> dapat banget disini
208,positive,"Berkat <PROVIDER_NAME> mudiknya jd nyaman,mampir ke posko pun senang.."
209,positive,Terimakasih <PROVIDER_NAME>
210,positive,untungnya sudah pakai <PROVIDER_NAME>
211,positive,Alhamdulillah masih #setia dengan <PROVIDER_NAME>.. terbaik
212,positive,"<PROVIDER_NAME> memang jauh lebih murah dari <PROVIDER_NAME>, banyak bonusnya lagi"
213,negative,RT <USER_MENTION>: Buat <PROVIDER_NAME> setelah kuota habis saya mau ganti provider  
214,negative,<PROVIDER_NAME> memang jancok! sinyal payah
215,negative,saya paling tidak pernah pakai  <PROVIDER_NAME>
216,negative,RT <USER_MENTION>: Belum ada permintaan maaf dan pernyataan apapun?  Lanjut boikot <PROVIDER_NAME> #Boikot<PROVIDER_NAME> <URL>
217,negative,<PROVIDER_NAME> masa kuota malam saya sudah habis duluan? Logikanya dimana? <URL>
218,negative,"RT <USER_MENTION>: <PROVIDER_NAME> ini <PROVIDER_NAME> di sini jaringan 4G nya penuh, cuma ga mau konek ke internet..."
219,positive,Sinyal 4g nya stabil nih. mantap <PROVIDER_NAME> <URL>
220,negative,"Fungsinya data lokal, 4G sama Flash apa? Toh mau 4G atau 3G yang terpakai duluan data lokalnya. mahal lagi. <PROVIDER_NAME>"
221,positive,"Hore, dapat makan malam gratis hari ini karena <PROVIDER_NAME> Poin  #7eleven #sevel <PROVIDER_NAME>… <URL>"
222,negative,"Wajar saja <PROVIDER_NAME> dihack, harga mahal banget dan koneksi lambat lagi <PROVIDER_NAME>mahal <PROVIDER_NAME> "
223,positive,*ganti* paket <PROVIDER_NAME>  5Gb langsung lancar dan #TransaksiNormal
224,negative,Selalu saja ada masalah #Indonesia <PROVIDER_NAME> #konsumen <USER_MENTION>
225,positive,Alhamdulillah gratisan youtube dari <PROVIDER_NAME> pada bulan Ramadhan ini berfaedah sekali.
226,negative,<PROVIDER_NAME> KENAPA. sinyal hilang mulu
227,negative,Data yang sama sekali tidak ada manfaatnya.  <PROVIDER_NAME> <URL> …
228,negative,<PROVIDER_NAME> goblok banget sih sekarang <PROVIDER_NAME> #jadimurahan 
229,negative,Padahal udah settingan 3G tapi kenapa kuota 3G tidak bisa dipakai malah menguras pulsa yaa? #Tanya <PROVIDER_NAME>
230,negative,Sudah mahal sinyalnya jelek lagi... <PROVIDER_NAME> bangsat anjing...
231,negative,Jeleknya jaringan internet. <PROVIDER_NAME>
232,negative,Cuma di area Pandeglang kota.. jaringan <PROVIDER_NAME> buruk jelek. Kejadian ini sudah berlangsung sebulan lamanya. <PROVIDER_NAME>Care <PROVIDER_NAME>payah <PROVIDER_NAME> harus dihack
233,negative,"benar2 kacau. Baru isi kuota, datanya langsung habis. <PROVIDER_NAME> "
234,positive,<PROVIDER_NAME> ayo kamu bisa
235,positive,Mending ngopi nyantai sambil dengar musik klasik di youtube gratis dari jaringan <PROVIDER_NAME> yang keren
236,positive,ada banyak fitur  dari Kartu Perdana <PROVIDER_NAME> yg udah 4.5G <PROVIDER_NAME>Youtube1tahun <PROVIDER_NAME>_Jabo <USER_MENTION>
237,positive,"Hari minggu masuk kerja tapi gak ada yang dikerjain, ujung2nya mencari lapak terus rebahan sambil denger musik di youtube. <PROVIDER_NAME> top deh"
238,positive,Sekarang enak belanja online. Sinyal kuat dan kencang pakai <PROVIDER_NAME>. 
239,positive,Mantap! Paket <PRODUCT_NAME> dari <PROVIDER_NAME> bikin mupeng. Banyak <PRODUCT_NAME>nya! 
240,positive,Selain bonus THR dapat bonus dari <PROVIDER_NAME> yang begini nih yang bikin hati senang juga.. 
241,positive,"Pagi ini saya sahur di Purwakarta, dan disini sinyal <PROVIDER_NAME> nya bagus banget"
242,positive,"Astaga udah sore aja. Keasyikan main hape. Sinyal lancar, hebat emang <PROVIDER_NAME>"
243,positive,"Kadang, saya juga cari referensi di youtube yang merupakan gudang informasi keren. <PROVIDER_NAME> youtube an tanpa kuota bisa streaming lancar"
244,positive,belajar mengedit video di youtube jadi enak dan cepat paham kalo jaringan <PROVIDER_NAME> lancar dan kencang begini.
245,positive,"Tethering pakai kartu <PROVIDER_NAME> sinyalnya kencang badai, apalagi kalau lagi browsing"" mencari bahan artikel. Dijamin lancar."
246,negative,Saya tidak akan pernah pakai produk <PROVIDER_NAME>!!! boikot <PROVIDER_NAME> #Boikot<PROVIDER_NAME>
247,negative,Ayo yang masih pakai kartu <PROVIDER_NAME> Segera buang ke Got ya
248,negative,#Boikot<PROVIDER_NAME>..saatnya hijrah ke ..selamat tinggal <PROVIDER_NAME>..
249,positive,Alhamdulillah Kuota <PROVIDER_NAME> banyak yang murah
250,negative,"Sudah tarifnya paling mahal, ditambah jaringan yang semakin hari semakin susah! <PROVIDER_NAME> mengesalkan banget "
251,negative,"<PROVIDER_NAME> Pulsanya masih ada, TM masih banyak, mau nelpon ke sesama simpati katanya pulsa gak cukup, kampret ini <PROVIDER_NAME> "
252,positive,Tiba-tiba ada sinyal 4g di rumahku.  Biasanya gak ada.. lancar juga. <PROVIDER_NAME>
253,negative,"Tadinya berharap paling bagus untuk kerja online,Ternyata internetnya tidak seSimpati namanya <PROVIDER_NAME> <URL>"
254,negative,Jaringan internet <PROVIDER_NAME> di sumba timur parah....
255,negative,Kualitas jaringan <PROVIDER_NAME> sangat menurun di wilayah Sukabumi.
256,negative,Ternyata tidak cuma saya yang mengeluh karena sinyal atau pelayanan <PROVIDER_NAME> dalam jaringan internet masih kurang
257,negative,"Sudah tengah malam, jaringan kok masih super lelet <PROVIDER_NAME> gak berkualitas"
258,negative,Sinyal <PROVIDER_NAME> yang sangat menyedihkan
259,negative,<PROVIDER_NAME> makin bangsat kalau dibiarin
260,negative,<PROVIDER_NAME> memang bangsat gemas duh
261,negative,Signal <PROVIDER_NAME> Mentari makin lama makin memprihatinkan. Saatnya memikirkan untuk ganti kartu. Kecewa <PROVIDER_NAME>
262,negative,<PROVIDER_NAME> apakah <PROVIDER_NAME> lagi gangguan di daerah kramat jati? Sumpah sudah lelet banget padahal sudah 4g 
263,negative,"<PROVIDER_NAME> kenapa <PROVIDER_NAME> super lelet? 4g tp kecepatan 0,1 1 kb/s. gangguan atau gimana sih? "
264,negative,tai <PROVIDER_NAME>
265,negative,"Ya allah. Kalau hujan sinyal <PROVIDER_NAME> kaya lagunya Kotak ""Pelan Pelan Saja"""
266,negative,bikin kelar <PROVIDER_NAME> 
267,negative,<PROVIDER_NAME> Hooq sangat tidak bermanfaat. Beli kuota bisa menonton di youtube gak perlu Hooq #rugi <PRODUCT_NAME> #kuota <PROVIDER_NAME> 
268,negative,<PROVIDER_NAME>  Di daerahku udah 3 hari  trouble mulu
269,negative,"sisa 2 hari kuota <PROVIDER_NAME> <PROVIDER_NAME> tapi sudah dibilang habis, gimana ini!"
270,negative,Jaringan simpati anjir banget akhir2 ini. <PROVIDER_NAME>
271,negative,Dan terjadi lagi <PROVIDER_NAME> tai
272,positive,Untung pakai <PROVIDER_NAME> walaupun jauh dari rumah tapi Alhamdulillah semua urusan beres.
273,negative,jaringan <PROVIDER_NAME> flash untuk daerah aceh singkil kok gak stabil <PROVIDER_NAME>
274,negative,<PROVIDER_NAME> tarif mahal dengan sinyal parah.
275,negative,"Jadi, sudah seminggu ini saya digangguin sama bunyi SMS dari <PROVIDER_NAME>. Ada promo, katanya.… <URL> "
276,negative,Oh jariangan kenapa <PROVIDER_NAME>
277,negative,Tiap jam 12 malam ke atas hancur koneksinya <PROVIDER_NAME>
278,negative,Sedih saya kalau beli paket internet <PROVIDER_NAME>
279,positive,Hobi ngecek <PRODUCT_NAME> kali aja ada promo kuota internet buat penguna setia <PROVIDER_NAME> ternyata ada. Alhamdulillah rejeki anak biasa
280,negative,<PROVIDER_NAME> setelah dihack malah tambah mahal
281,negative,Jaringan lelet <PROVIDER_NAME>
282,negative,<PROVIDER_NAME> lagi gangguan ya??
283,negative,<PROVIDER_NAME> hancur jaringannya
284,negative,Setiap isi pulsa belum dipakai pasti hilang mohon pejelasannya buat <PROVIDER_NAME>
285,negative,<PROVIDER_NAME> memang bikin sebal 
286,negative,4G LTE <PROVIDER_NAME> sedang bermasalah
287,negative,<PROVIDER_NAME> luar biasa parah 2 hari cuma buang2 kuota... payah <PROVIDER_NAME> <PROVIDER_NAME> <PROVIDER_NAME>
288,positive,koneksinya makin lancar pakai <PROVIDER_NAME> 
289,positive,pakai sinyal <PROVIDER_NAME> lancar. <PROVIDER_NAME> memang yess!! 
290,positive,"Data-data kerja jadi lebih cepat dicari kalau internetnya pakai <PROVIDER_NAME>,"
291,positive,"<PROVIDER_NAME> memang juara, dari tadi nonton Youtube kuota masih full aja XD"
292,positive,Kenikmatan yang bisa didapatkan saat menjadi pengguna <PROVIDER_NAME> adalah menonton youtube gratis selama setahun
293,positive,Upload file yang besar juga sangat mudah dengan <PROVIDER_NAME>. Karena jaringan internetnya sangat cepat. Alhamdulillah
294,positive,"Untungnya pake <PROVIDER_NAME>, pekerjaan gua lancar :))"
295,positive,Siang ini nyoba bonus telpon pakai kartu <PROVIDER_NAME> baru. Aman lancar jaya suaranya meski cuaca hujan.
296,positive,"Pantesan lancar ya, sinyal <PROVIDER_NAME> yang 4G lancar sekali di lombok timur"
297,positive,Alhamdulillah lancar pakai <PROVIDER_NAME>
298,positive,"Untung pakai internet <PROVIDER_NAME>, lancar, jadi dapat banyak ide."
299,positive,"di tempat ramai seperti di lokasi wisata, <PROVIDER_NAME> tetap jaya."
300,negative,Sinyal <PROVIDER_NAME> amsyong d stadion gajayana